{"stats":{"minecraft:killed_by":{"minecraft:creeper":1,"minecraft:spider":1},"minecraft:custom":{"minecraft:jump":98,"minecraft:time_since_rest":2302,"minecraft:damage_dealt":70,"minecraft:damage_taken":830,"minecraft:play_one_minute":4979,"minecraft:leave_game":4,"minecraft:sprint_one_cm":7220,"minecraft:time_since_death":2012,"minecraft:walk_one_cm":5523,"minecraft:deaths":2,"minecraft:fly_one_cm":25007,"minecraft:fall_one_cm":1867,"minecraft:drop":3},"minecraft:mined":{"minecraft:tall_grass":1,"minecraft:grass":14,"minecraft:grass_block":10},"minecraft:dropped":{"minecraft:wheat_seeds":4},"minecraft:picked_up":{"minecraft:wheat_seeds":4,"minecraft:dirt":10},"minecraft:used":{"minecraft:dirt":3}},"DataVersion":2586}