{"stats":{"minecraft:killed_by":{"minecraft:creeper":1,"minecraft:spider":1},"minecraft:custom":{"minecraft:jump":75,"minecraft:time_since_rest":1399,"minecraft:damage_dealt":70,"minecraft:play_one_minute":4076,"minecraft:walk_one_cm":4609,"minecraft:leave_game":3,"minecraft:sprint_one_cm":5903,"minecraft:damage_taken":830,"minecraft:time_since_death":1109,"minecraft:deaths":2,"minecraft:fall_one_cm":1867,"minecraft:drop":3,"minecraft:fly_one_cm":23361},"minecraft:mined":{"minecraft:tall_grass":1,"minecraft:grass":9,"minecraft:grass_block":7},"minecraft:dropped":{"minecraft:wheat_seeds":4},"minecraft:picked_up":{"minecraft:wheat_seeds":4,"minecraft:dirt":7}},"DataVersion":2586}